{"cameraMode":{"drawMode":0,"name":"Shaded","section":"Shading Mode"},"sceneLighting":true,"audioPlay":false,"sceneViewState":{"showFog":false,"showMaterialUpdate":false,"showSkybox":false,"showFlares":false,"showImageEffects":false,"showParticleSystems":true},"in2DMode":false,"pivot":{"x":-0.7938575744628906,"y":7.402066230773926,"z":-8.78272533416748},"rotation":{"x":-0.228227436542511,"y":0.21832682192325593,"z":-0.052597224712371829,"w":-0.9473537802696228},"size":12.229532241821289,"orthographic":false}