{"cameraMode":{"drawMode":0,"name":"Shaded","section":"Shading Mode"},"sceneLighting":true,"audioPlay":false,"sceneViewState":{"showFog":false,"showMaterialUpdate":false,"showSkybox":false,"showFlares":false,"showImageEffects":false,"showParticleSystems":true},"in2DMode":false,"pivot":{"x":-2.145071029663086,"y":7.2704925537109379,"z":-9.515315055847168},"rotation":{"x":-0.228227436542511,"y":0.21832682192325593,"z":-0.052597224712371829,"w":-0.9473537802696228},"size":14.583945274353028,"orthographic":false}