{"cameraMode":{"drawMode":0,"name":"Shaded","section":"Shading Mode"},"sceneLighting":true,"audioPlay":false,"sceneViewState":{"showFog":false,"showMaterialUpdate":false,"showSkybox":false,"showFlares":false,"showImageEffects":false,"showParticleSystems":true},"in2DMode":false,"pivot":{"x":-1.9764933586120606,"y":-5.611478805541992,"z":-3.7143211364746095},"rotation":{"x":0.005743033718317747,"y":-0.8015717267990112,"z":0.5978214740753174,"w":0.007700557820498943},"size":14.092658996582032,"orthographic":false}