{"cameraMode":{"drawMode":0,"name":"Shaded","section":"Shading Mode"},"sceneLighting":true,"audioPlay":false,"sceneViewState":{"showFog":false,"showMaterialUpdate":false,"showSkybox":false,"showFlares":false,"showImageEffects":false,"showParticleSystems":true},"in2DMode":false,"pivot":{"x":-0.8689346313476563,"y":-0.7397747039794922,"z":11.61718463897705},"rotation":{"x":-0.22505144774913789,"y":0.7368589043617249,"z":-0.29286789894104006,"w":-0.5662325620651245},"size":10.0,"orthographic":false}