{"cameraMode":{"drawMode":0,"name":"Shaded","section":"Shading Mode"},"sceneLighting":true,"audioPlay":false,"sceneViewState":{"showFog":false,"showMaterialUpdate":false,"showSkybox":false,"showFlares":false,"showImageEffects":false,"showParticleSystems":true},"in2DMode":false,"pivot":{"x":-3.7474451065063478,"y":-20.98275375366211,"z":43.675880432128909},"rotation":{"x":-0.22043778002262116,"y":0.07307762652635575,"z":-0.016563737764954568,"w":-0.9725186228752136},"size":50.570350646972659,"orthographic":false}