{"cameraMode":{"drawMode":0,"name":"Shaded","section":"Shading Mode"},"sceneLighting":true,"audioPlay":false,"sceneViewState":{"showFog":false,"showMaterialUpdate":false,"showSkybox":false,"showFlares":false,"showImageEffects":false,"showParticleSystems":true},"in2DMode":false,"pivot":{"x":0.0559593141078949,"y":-1.4761394262313843,"z":1.6307419538497925},"rotation":{"x":-0.20289142429828645,"y":0.0035220428835600616,"z":-0.0007303195889107883,"w":-0.979194700717926},"size":10.898136138916016,"orthographic":false}